step	loss
0	0.08689377456903458
1	0.06528159976005554
2	0.06333673745393753
3	0.04678770527243614
4	0.05221319571137428
5	0.04359027370810509
6	0.048447370529174805
7	0.04506805166602135
8	0.044964320957660675
