{
    "train": {
        "loss": 0.02514628879725933
    },
    "eval": {
        "loss": 0.044964320957660675
    },
    "dice_multi": 0.8105745256244299,
    "step": 8
}
